"Status","Start Time","Stop Time","Duration in ms","Parent Suite","Suite","Sub Suite","Test Class","Test Method","Name","Description"
"passed","Fri Mar 17 08:46:07 GMT 2023","Fri Mar 17 08:46:09 GMT 2023","2051","config chainid is error","","","","","id is not exist on chain, expect Error: forcerelay error: no lightclient cell deployed on ckb",""
"skipped","Fri Mar 17 08:46:10 GMT 2023","Fri Mar 17 08:46:10 GMT 2023","1","demo","","","","","dasda",""
"passed","Fri Mar 17 08:46:15 GMT 2023","Fri Mar 17 08:46:18 GMT 2023","3278","Full Process","forcerelay_getForcerelayCkbTransaction","","","","Verify a tx on eth using ckb=>should succ",""
"passed","Fri Mar 17 08:46:11 GMT 2023","Fri Mar 17 08:46:13 GMT 2023","1920","demo","","","","","send rand ",""
"passed","Fri Mar 17 08:46:18 GMT 2023","Fri Mar 17 08:46:19 GMT 2023","171","Full Process","forcerelay_getForcerelayCkbTransaction","","","","txhash is in range[0] -1",""
"passed","Fri Mar 17 08:46:10 GMT 2023","Fri Mar 17 08:46:10 GMT 2023","656","demo","","","","","query tx",""
"skipped","Fri Mar 17 08:46:10 GMT 2023","Fri Mar 17 08:46:10 GMT 2023","0","demo","","","","","transfer ver 2 empty",""
"passed","Fri Mar 17 08:46:19 GMT 2023","Fri Mar 17 08:46:22 GMT 2023","2783","Full Process","forcerelay_getForcerelayCkbTransaction","","","","txHash is in  range[1]",""
"skipped","Fri Mar 17 08:46:13 GMT 2023","Fri Mar 17 08:46:13 GMT 2023","1","To restart the service and check the block synchronization status","","","","","restart relay and verifier service",""
"skipped","Fri Mar 17 08:46:10 GMT 2023","Fri Mar 17 08:46:10 GMT 2023","1","demo","","","","","decode witnessArgs",""
"skipped","Fri Mar 17 08:46:10 GMT 2023","Fri Mar 17 08:46:10 GMT 2023","1","demo","","","","","sad",""
"skipped","Fri Mar 17 08:46:10 GMT 2023","Fri Mar 17 08:46:10 GMT 2023","0","demo","","","","","sadad",""
"passed","Fri Mar 17 08:46:22 GMT 2023","Fri Mar 17 08:46:22 GMT 2023","262","Full Process","forcerelay_getForcerelayCkbTransaction","","","","txhash is range[1] +1",""
"skipped","Fri Mar 17 08:46:22 GMT 2023","Fri Mar 17 08:46:22 GMT 2023","0","Full Process","forcerelay_getForcerelayCkbTransaction","","","","query in ibc-cell update",""
"passed","Fri Mar 17 08:46:18 GMT 2023","Fri Mar 17 08:46:18 GMT 2023","3","Full Process","forcerelay_getForcerelayCkbTransaction","","","","txHash is 0x1234 ",""
"passed","Fri Mar 17 08:46:10 GMT 2023","Fri Mar 17 08:46:10 GMT 2023","16","demo","","","","","get account address",""
"skipped","Fri Mar 17 08:46:10 GMT 2023","Fri Mar 17 08:46:10 GMT 2023","1","demo","","","","","dasd",""
"passed","Fri Mar 17 08:46:10 GMT 2023","Fri Mar 17 08:46:11 GMT 2023","697","demo","","","","","send normal ",""
"skipped","Fri Mar 17 08:46:10 GMT 2023","Fri Mar 17 08:46:10 GMT 2023","0","demo","","","","","info",""
"passed","Fri Mar 17 08:46:19 GMT 2023","Fri Mar 17 08:46:19 GMT 2023","492","Full Process","forcerelay_getForcerelayCkbTransaction","","","","txHash is in  range[0]",""
"skipped","Fri Mar 17 08:46:10 GMT 2023","Fri Mar 17 08:46:10 GMT 2023","0","demo","","","","","sdasd",""
"skipped","Fri Mar 17 08:46:10 GMT 2023","Fri Mar 17 08:46:10 GMT 2023","0","demo","","","","","decode ",""
"passed","Fri Mar 17 08:46:09 GMT 2023","Fri Mar 17 08:46:10 GMT 2023","865","demo","","","","","dd",""
"passed","Fri Mar 17 08:46:18 GMT 2023","Fri Mar 17 08:46:18 GMT 2023","139","Full Process","forcerelay_getForcerelayCkbTransaction","","","","txhash is not in eth=> error: cannot find transaction hash",""
"skipped","Fri Mar 17 08:46:10 GMT 2023","Fri Mar 17 08:46:10 GMT 2023","0","demo","","","","","sadas",""
"skipped","Fri Mar 17 08:46:13 GMT 2023","Fri Mar 17 08:46:13 GMT 2023","0","demo","","","","","cp data",""
